{
  "circles": [
    [
      0.08468730125813119,
      0.08468730125812975,
      0.08468730125812628
    ],
    [
      0.29643450124432824,
      0.13236009424048584,
      0.1323600942404809
    ],
    [
      0.5000000000000014,
      0.078269270888313,
      0.07826927088830744
    ],
    [
      0.7035654987556702,
      0.13236009424048512,
      0.13236009424048187
    ],
    [
      0.9153126987418693,
      0.08468730125812976,
      0.08468730125812787
    ],
    [
      0.10527607855640969,
      0.2735316496509999,
      0.10527607855640778
    ],
    [
      0.2991123313396872,
      0.3811250649559806,
      0.1164192888062114
    ],
    [
      0.5000000000000013,
      0.2697939589756249,
      0.11325541719899321
    ],
    [
      0.7008876686603158,
      0.38112506495597875,
      0.11641928880621712
    ],
    [
      0.894723921443588,
      0.2735316496509996,
      0.10527607855640965
    ],
    [
      0.10371709930579076,
      0.4825190128494457,
      0.10371709930578625
    ],
    [
      0.273192780951437,
      0.596528648400384,
      0.10053814216358395
    ],
    [
      0.5000000000000034,
      0.532519667731189,
      0.1351282835717014
    ],
    [
      0.726807219048565,
      0.5965286484003841,
      0.10053814216358098
    ],
    [
      0.8962829006942082,
      0.48251901284944293,
      0.10371709930578724
    ],
    [
      0.096158498358198,
      0.6822516393611192,
      0.0961584983581936
    ],
    [
      0.2405014078678074,
      0.7632491637451027,
      0.06935728482283865
    ],
    [
      0.40428027755541923,
      0.7425876010690238,
      0.09571972244457533
    ],
    [
      0.5957197224445836,
      0.7425876010690242,
      0.09571972244457617
    ],
    [
      0.7594985921321932,
      0.763249163745102,
      0.06935728482283858
    ],
    [
      0.9038415016418023,
      0.6822516393611181,
      0.0961584983581944
    ],
    [
      0.11106329209086035,
      0.8889367079091398,
      0.1110632920908557
    ],
    [
      0.3137299822141754,
      0.9075441882905433,
      0.09245581170945255
    ],
    [
      0.5000000000000018,
      0.9061808044177742,
      0.0938191955822224
    ],
    [
      0.6862700177858267,
      0.9075441882905445,
      0.09245581170945068
    ],
    [
      0.8889367079091421,
      0.8889367079091406,
      0.1110632920908559
    ]
  ],
  "sum_radii": 2.6359773947542573
}